{
  "a_vs_r_pb": -0.06872423824890822,
  "b_vs_p": -0.4402466446655409
}