{
  "a_vs_r_pb": 0.20455063498990908,
  "b_vs_p": -0.9791450680188573
}